transition,similarity
1 → 2,0.9662916
2 → 3,0.96875536
3 → 4,0.96194804
4 → 5,0.9607433
